{"results":[{"id":1,"name":"Challenge 0","description":"<div class=\"sect2\">\n<h3 id=\"_opening_challenge\">Opening Challenge</h3>\n<div class=\"paragraph\">\n<p>Welcome to OWASP WrongSecrets its opening challenge!</p>\n</div>\n<div class=\"paragraph\">\n<p>In this challenge, we explain you everything you need to know to play OWASP WrongSecrets.</p>\n</div>\n<div class=\"paragraph\">\n<p>Every challenge is about finding a secret that has not been well hidden and/or configured inside our <a href=\"https://github.com/OWASP/wrongsecrets\">application code</a>, <a href=\"https://hub.docker.com/r/jeroenwillemsen/wrongsecrets\">Docker container</a>, or in one of the related parts of the <a href=\"https://github.com/OWASP/wrongsecrets#table-of-contents\">system</a>.</p>\n</div>\n<div class=\"paragraph\">\n<p>Once you found the secret, you can put it in the box below and press \"Submit\". The \"Clear\" button will clean the input box.\nWant to play the challenge again? Press the \"Reset button\".</p>\n</div>\n<div class=\"paragraph\">\n<p>The correct answer below is <code>The first answer</code> . Copy it in the box and press \"Submit\".</p>\n</div>\n<div class=\"paragraph\">\n<p>Have a lot of fun with the more difficult challenges ;-).</p>\n</div>\n<div class=\"paragraph\">\n<p>Note: some of the challenges ahead will require you to use additional tools to get to the solution. For this you need a computer with all the tools installed. Don&#8217;t want to install them yourself? You can use a container to have them all available to you at once by using</p>\n</div>\n<div class=\"listingblock\">\n<div class=\"content\">\n<pre class=\"highlight\"><code class=\"language-shell\" data-lang=\"shell\">docker run -p 3000:3000 -v /var/run/docker.sock:/var/run/docker.sock jeroenwillemsen/wrongsecrets-desktop:latest</code></pre>\n</div>\n</div>\n<div class=\"paragraph\">\n<p>Then, in your browser go to <a href=\"http://localhost:3000\">http://localhost:3000</a> to find a webtop waiting for you with all the tools required.</p>\n</div>\n</div> (Difficulty Level: 1)","max_attempts":0,"value":100,"category":"Docker - Intro","type":"standard","state":"visible","next_id":null},{"id":2,"name":"Challenge 1","description":"<div class=\"sect2\">\n<h3 id=\"_centralized_hardcoded_password\">Centralized hardcoded password</h3>\n<div class=\"paragraph\">\n<p>When people write a Proof of Concept, they often start with hardcoded secrets, such as a <code>password</code> in code. What if we forget to remove these hardcoded secrets?</p>\n</div>\n<div class=\"paragraph\">\n<p>Can you spot the secret we are looking for in code? What about looking for it in the container?</p>\n</div>\n<div class=\"paragraph\">\n<p>Sometimes the simpler tools are the most effective. Try cloning the repo and use <a href=\"https://man7.org/linux/man-pages/man1/grep.1.html\"><strong>grep</strong></a> to see what you find. It is also possible to find with <a href=\"https://github.com/awslabs/git-secrets\"><strong>Git-secrets</strong></a> or <a href=\"https://github.com/trufflesecurity/trufflehog\"><strong>Trufflehog</strong></a>. Just dive into the code!</p>\n</div>\n</div> (Difficulty Level: 1)","max_attempts":0,"value":100,"category":"Docker - Git","type":"standard","state":"visible","next_id":null},{"id":3,"name":"Challenge 2","description":"<div class=\"sect2\">\n<h3 id=\"_hardcoded_password_part_2\">Hardcoded password part 2</h3>\n<div class=\"paragraph\">\n<p>Instead of hardcoding the password directly, the developer tried to hide it in the <code>application.properties</code> of Spring Boot.</p>\n</div>\n<div class=\"paragraph\">\n<p>This way, it can no longer be found directly in <code>.java</code> or compiled <code>.class</code> files. So how can you detect it?</p>\n</div>\n<div class=\"paragraph\">\n<p>You can easily detect this by SAST solutions, like <a href=\"https://github.com/trufflesecurity/truffleHog\">truffleHog</a> and <a href=\"https://github.com/awslabs/git-secrets\">git-secrets</a>, and by manual inspection of your <code>application.properties</code>.</p>\n</div>\n</div> (Difficulty Level: 1)","max_attempts":0,"value":100,"category":"Docker - Git","type":"standard","state":"visible","next_id":null},{"id":4,"name":"Challenge 3","description":"<div class=\"sect2\">\n<h3 id=\"_docker_env_based_password\">Docker ENV based password</h3>\n<div class=\"paragraph\">\n<p>Did you know that you can use the ENV as well in Docker containers to set the password? What a great idea to share it with everyone!</p>\n</div>\n<div class=\"paragraph\">\n<p>You can easily spot the secret by looking at how the layers were constructed or detecting it with a tool like <a href=\"https://github.com/goodwithtech/dockle\"><strong>Dockle</strong></a>.</p>\n</div>\n</div> (Difficulty Level: 1)","max_attempts":0,"value":100,"category":"Docker - Docker","type":"standard","state":"visible","next_id":null},{"id":5,"name":"Challenge 4","description":"<div class=\"sect2\">\n<h3 id=\"_docker_arg_based_password\">Docker arg based password</h3>\n<div class=\"paragraph\">\n<p>The developer got smarter: now the password is no longer defined by Spring, but by means of a docker container build argument.</p>\n</div>\n<div class=\"paragraph\">\n<p>You can easily spot it by looking at how the layers got constructed.</p>\n</div>\n</div> (Difficulty Level: 2)","max_attempts":0,"value":250,"category":"Docker - Docker","type":"standard","state":"visible","next_id":null},{"id":6,"name":"Challenge 5","description":"<div class=\"sect2\">\n<h3 id=\"_k8s_configmap_based_secret\">K8s Configmap based secret</h3>\n<div class=\"paragraph\">\n<p>Hardcoding something in docker was not smart. But what about a config-map in the default namespace without RBAC?</p>\n</div>\n<div class=\"paragraph\">\n<p>If this challenge is enabled, you are running this from a K8s cluster. Can you use <code>kubectl</code> to find the secret? Or what about looking at the repository where the cluster is configured by? You might have spotted it as well if the configmap was committed to Git maybe.</p>\n</div>\n</div> (Difficulty Level: 2)","max_attempts":0,"value":250,"category":"Kubernetes - Configmaps","type":"standard","state":"visible","next_id":null},{"id":7,"name":"Challenge 6","description":"<div class=\"sect2\">\n<h3 id=\"_k8s_secrets\">K8s Secrets</h3>\n<div class=\"paragraph\">\n<p>So a ConfigMap did not do the job. But what about a K8s secret in the default namespace without RBAC?</p>\n</div>\n<div class=\"paragraph\">\n<p>If this challenge is enabled, you are running this from a K8s cluster. Can you use <code>kubectl</code> to find the secret? Or what about looking at the repository where the cluster is configured by? You might have spotted it as well if the configmap was committed to Git maybe.</p>\n</div>\n</div> (Difficulty Level: 2)","max_attempts":0,"value":250,"category":"Kubernetes - Secrets","type":"standard","state":"visible","next_id":null},{"id":8,"name":"Challenge 7","description":"<div class=\"sect2\">\n<h3 id=\"_a_secret_hidden_in_vault\">A secret hidden in Vault</h3>\n<div class=\"paragraph\">\n<p>So now the secret is no longer in K8s or code&#8230;&#8203; the developer hopes.\nIf this challenge is enabled &amp; you used the <code>README.md</code> instructions, then you should be able to have the challenge running on K8s/Minikube, and now you can search for the secret.\nWhat is the mistake made here? <a href=\"https://github.com/trufflesecurity/truffleHog\"><strong>Trufflehog</strong></a> might have been able to help if the entropy was a little larger ;-).</p>\n</div>\n</div> (Difficulty Level: 4)","max_attempts":0,"value":700,"category":"Vault - Vault","type":"standard","state":"visible","next_id":null},{"id":9,"name":"Challenge 8","description":"<div class=\"sect2\">\n<h3 id=\"_generating_random_values\">Generating random values</h3>\n<div class=\"paragraph\">\n<p>Now, let&#8217;s randomize the secret at startup&#8230;&#8203; Can you find the answer?\nHow can we use this on the next startup ;-)?</p>\n</div>\n<div class=\"paragraph\">\n<p>Tip: take a look at the logging of the application at startup!</p>\n</div>\n</div> (Difficulty Level: 2)","max_attempts":0,"value":250,"category":"Docker - Logging","type":"standard","state":"visible","next_id":null},{"id":10,"name":"Challenge 9","description":"<div class=\"sect2\">\n<h3 id=\"_aws_secrets_manager\">AWS Secrets Manager</h3>\n<div class=\"paragraph\">\n<p>Okay, now we&#8217;re generating a secret through Terraform and storing that with our Cloud Provider. What happens in the Terraform state?</p>\n</div>\n<div class=\"paragraph\">\n<p>You can try to find the secret by sniffing through your <code>terraform.tfstate</code> files using <a href=\"https://github.com/trufflesecurity/truffleHog\"><strong>Trufflehog</strong></a>.</p>\n</div>\n</div> (Difficulty Level: 3)","max_attempts":0,"value":450,"category":"Cloud - Terraform","type":"standard","state":"visible","next_id":null},{"id":11,"name":"Challenge 10","description":"<div class=\"sect2\">\n<h3 id=\"_aws_secrets_manager\">AWS Secrets Manager</h3>\n<div class=\"paragraph\">\n<p>The secret is now randomized and stored directly in AWS Secrets Manager. We&#8217;re still mounting it to the K8s pod via the <a href=\"https://secrets-store-csi-driver.sigs.k8s.io\">CSI driver</a> for <a href=\"https://docs.aws.amazon.com/secretsmanager/latest/userguide/integrating_csi_driver.html\">AWS</a> though&#8230;&#8203; Can you access it?</p>\n</div>\n</div> (Difficulty Level: 4)","max_attempts":0,"value":700,"category":"Cloud - CSI-Driver","type":"standard","state":"visible","next_id":null},{"id":12,"name":"Challenge 11","description":"<div class=\"sect2\">\n<h3 id=\"_aws_ssm_parameter_store\">AWS SSM Parameter Store</h3>\n<div class=\"paragraph\">\n<p>We&#8217;ve now used Parameter Store directly from within the app, but there&#8217;s an IAM problem&#8230;&#8203;</p>\n</div>\n<div class=\"paragraph\">\n<p>Assume the role <code>cant-read-secrets</code> and try some IAM privilege escalation. Don&#8217;t cheat using your own roles :)</p>\n</div>\n<div class=\"paragraph\">\n<p>Here is where tools like <a href=\"https://github.com/nccgroup/ScoutSuite\">ScoutSuite</a> can really help detecting issues with your IAM setup. IAM might provide paths towards privilege escalation. These paths can often be used to create and/or assume other more powerful roles which might actually allow you to (among other things) read the secret.</p>\n</div>\n<div class=\"paragraph\">\n<p>If you&#8217;re stuck, try spotting the error in Terraform.</p>\n</div>\n</div> (Difficulty Level: 4)","max_attempts":0,"value":700,"category":"Cloud - IAM privilege escalation","type":"standard","state":"visible","next_id":null},{"id":13,"name":"Challenge 12","description":"<div class=\"sect2\">\n<h3 id=\"_docker_copy_and_workdir\">Docker COPY and WORKDIR</h3>\n<div class=\"paragraph\">\n<p>Sometimes large parts of the local filesystem are copied over to the container so that they are available in the container for the convenience of the author.</p>\n</div>\n<div class=\"paragraph\">\n<p>In this challenge, we did some COPY&#8217;ing as well and hid a key there. Note that the key changes on every generation of the docker container, so you&#8217;d better extract and use it quickly :).</p>\n</div>\n<div class=\"paragraph\">\n<p>Try <a href=\"https://github.com/deepfence/SecretScanner\"><strong>deepfenceio/secretscanning</strong></a>, <code>docker history</code> of the image, or just <code>docker exec</code> against a running container.</p>\n</div>\n</div> (Difficulty Level: 3)","max_attempts":0,"value":450,"category":"Docker - Docker","type":"standard","state":"visible","next_id":null},{"id":14,"name":"Challenge 13","description":"<div class=\"sect2\">\n<h3 id=\"_github_forkable_actions\">Github Forkable actions</h3>\n<div class=\"paragraph\">\n<p>When you want to manage secrets in your CI/CD pipeline, you should always wonder: who can have a look at them?\nCan you find the secret using the Github action?</p>\n</div>\n<div class=\"paragraph\">\n<p>Note: this challenge is a \"bad crypto\" challenge at the same time, but a little less easy that way.</p>\n</div>\n</div> (Difficulty Level: 3)","max_attempts":0,"value":450,"category":"Docker - CI/CD","type":"standard","state":"visible","next_id":null},{"id":15,"name":"Challenge 14","description":"<div class=\"sect2\">\n<h3 id=\"_password_managers\">Password Managers</h3>\n<div class=\"paragraph\">\n<p>When we showed this project to my friend Kees, he asked us: hey isn&#8217;t that the same as having a very weak password on your password manager? Because that&#8217;s what my colleague did.</p>\n</div>\n<div class=\"paragraph\">\n<p>So here it is: the password manager challenge! We have set up a Keepass file in the Docker container where we put secret credentials to Alibabacloud in. Can you get it?</p>\n</div>\n</div> (Difficulty Level: 4)","max_attempts":0,"value":700,"category":"Docker - Password Manager","type":"standard","state":"visible","next_id":null},{"id":16,"name":"Challenge 15","description":"<div class=\"sect2\">\n<h3 id=\"_git_history\">Git history</h3>\n<div class=\"paragraph\">\n<p>One of the mistakes we often make when we do commit secrets to Git, is trying to get rid of them without rotating the secret.\nWhat makes it worse, is that without properly overriding the commit with the secret and/or removing the commit, it will remain in history forever.</p>\n</div>\n<div class=\"paragraph\">\n<p>So, we kept some AWS access-keys in git as a \"mistake\", can you find them?</p>\n</div>\n<div class=\"paragraph\">\n<p>Note: the answer contains one of the 3 aws credential profiles you find in a commit its java comments, but then without the java comment markup as a single line.\nAlternatively you can just provide the secret access key with we are looking for.</p>\n</div>\n<div class=\"paragraph\">\n<p>Note-2: Did you know that these are working access keys<sup class=\"footnote\" id=\"_footnote_disclaimer\">[<a id=\"_footnoteref_1\" class=\"footnote\" href=\"#_footnotedef_1\" title=\"View footnote.\">1</a>]</sup>?!\nGo to <a href=\"https://wrongsecrets.herokuapp.com/stats\">stats</a> when you tried them to find out more!</p>\n</div>\n</div>\n<div id=\"footnotes\">\n<hr>\n<div class=\"footnote\" id=\"_footnotedef_1\">\n<a href=\"#_footnoteref_1\">1</a>. They are not \"normal\" AWS access keys: they are canary tokens! Though you can do <code>aws sts get-caller-identity</code> with them. When you use them, some of your data (IP/agent) is being logged.\n</div>\n</div> (Difficulty Level: 2)","max_attempts":0,"value":250,"category":"Docker - Git","type":"standard","state":"visible","next_id":null},{"id":17,"name":"Challenge 16","description":"<div class=\"sect2\">\n<h3 id=\"_secrets_in_front_end_code\">Secrets in front-end code</h3>\n<div class=\"paragraph\">\n<p>When we start a new project usually we are focused on new feature implementation than on the security aspect.\nSometimes Single-Page apps or mobile apps need to access information for themselves rather than on behalf of a user.\nFor this purpose, <a href=\"https://oauth.net/2/grant-types/client-credentials/\">OAuth</a> provides the <code>client_credentials</code> flow to get access token.\nIn such a situation, it&#8217;s easy to store client secrets in front-end or mobile application code.  And though you can obfuscate the secret in the code, you will still need to use it eventually.</p>\n</div>\n<div class=\"paragraph\">\n<p>This challenge will try to contact a server using the client credentials flow. Can you find its secret?</p>\n</div>\n<div class=\"paragraph\">\n<p>What about looking for it in the Development Tools in the browser?</p>\n</div>\n</div> (Difficulty Level: 3)","max_attempts":0,"value":450,"category":"Docker - Front-end","type":"standard","state":"visible","next_id":null},{"id":18,"name":"Challenge 17","description":"<div class=\"sect2\">\n<h3 id=\"_bash_history\">Bash history</h3>\n<div class=\"paragraph\">\n<p>This developer has created a container and has had it running for a while. He uses it for a lot of work and is careful to not hardcode any secrets. When he needs to use secrets, he simply writes them in a Bash command when executing; therefore they disappear as soon as he writes them and remain secret. Right?</p>\n</div>\n<div class=\"paragraph\">\n<p>We all have little secrets hidden in our past, including Bash. Access the container and see if you can find one.</p>\n</div>\n</div> (Difficulty Level: 3)","max_attempts":0,"value":450,"category":"Docker - Docker","type":"standard","state":"visible","next_id":null},{"id":19,"name":"Challenge 18","description":"<div class=\"sect2\">\n<h3 id=\"_bad_hashing\">Bad hashing</h3>\n<div class=\"paragraph\">\n<p>This developer has their password stored on their computer. They are no idiot, though, they have hashed it twice using the same systems many of the biggest companies in the world use. Just with a little less seasoning. Nobody is going to be able to crack this&#8230;&#8203;</p>\n</div>\n<div class=\"paragraph\">\n<p>The first hash is <code>2ab96390c7dbe3439de74d0c9b0b1767</code> and the second hash is <code>F3BBBD66A63D4BF1747940578EC3D0103530E21D</code></p>\n</div>\n<div class=\"paragraph\">\n<p>Despite many large companies using these hashes, is there a way beat the system?</p>\n</div>\n<div class=\"paragraph\">\n<p>Cracking either hash will give you the correct answer. As an extra challenge, try cracking both.</p>\n</div>\n</div> (Difficulty Level: 5)","max_attempts":0,"value":1000,"category":"Docker - Cryptography","type":"standard","state":"visible","next_id":null},{"id":20,"name":"Challenge 19","description":"<div class=\"sect2\">\n<h3 id=\"_hiding_in_binaries_part_1_the_c_binary\">Hiding in binaries part 1: the C binary</h3>\n<div class=\"paragraph\">\n<p>We need to put a secret in a mobile app! Nobody will notice the secret in our compiled code!\nThis is a misbelief we have often encountered when presenting on mobile security topics.</p>\n</div>\n<div class=\"paragraph\">\n<p>Let&#8217;s debunk this myth for C: can you find the secret in <a href=\"https://github.com/OWASP/wrongsecrets/tree/master/src/main/resources/executables/wrongsecrets-c\">wrongsecrets-c</a> (or <a href=\"https://github.com/OWASP/wrongsecrets/tree/master/src/main/resources/executables/wrongsecrets-c-arm\">wrongsecrets-c-arm</a>, <a href=\"https://github.com/OWASP/wrongsecrets/tree/master/src/main/resources/executables/wrongsecrets-c-linux\">wrongsecrets-c-linux</a>)?</p>\n</div>\n</div> (Difficulty Level: 4)","max_attempts":0,"value":700,"category":"Docker - Binary","type":"standard","state":"visible","next_id":null},{"id":21,"name":"Challenge 20","description":"<div class=\"sect2\">\n<h3 id=\"_hiding_in_binaries_part_2_the_c_binary\">Hiding in binaries part 2: the C++ binary</h3>\n<div class=\"paragraph\">\n<p>Similar like hiding secrets in an application written in C, you end up in a similar situation with C++. Can you find the secret in our binary?</p>\n</div>\n<div class=\"paragraph\">\n<p>Let&#8217;s debunk the \"secrets are hard to find in native compiled applications\" myth for C++: can you find the secret in <a href=\"https://github.com/OWASP/wrongsecrets/tree/master/src/main/resources/executables/wrongsecrets-cplus\">wrongsecrets-cplus</a> (or <a href=\"https://github.com/OWASP/wrongsecrets/tree/master/src/main/resources/executables/wrongsecrets-cplus-arm\">wrongsecrets-cplus-arm</a>, <a href=\"https://github.com/OWASP/wrongsecrets/tree/master/src/main/resources/executables/wrongsecrets-cplus-linux\">wrongsecrets-cplus-linux</a>)?</p>\n</div>\n</div> (Difficulty Level: 4)","max_attempts":0,"value":700,"category":"Docker - Binary","type":"standard","state":"visible","next_id":null},{"id":22,"name":"Challenge 21","description":"<div class=\"sect2\">\n<h3 id=\"_hiding_in_binaries_part_3_the_go_binary\">Hiding in binaries part 3: the Go binary</h3>\n<div class=\"paragraph\">\n<p>Our third language of choice for a compiled application is Go. With the rise of its popularity, we see an increase of secrets hidden inside the binaries. Can you find the secret in our binary?</p>\n</div>\n<div class=\"paragraph\">\n<p>Let&#8217;s debunk the \"secrets are hard to find in native compiled applications\" myth for Go: can you find the secret in <a href=\"https://github.com/OWASP/wrongsecrets/tree/master/src/main/resources/executables/wrongsecrets-golang\">wrongsecrets-golang</a> (or <a href=\"https://github.com/OWASP/wrongsecrets/tree/master/src/main/resources/executables/wrongsecrets-golang-arm\">wrongsecrets-golang-arm</a>, <a href=\"https://github.com/OWASP/wrongsecrets/tree/master/src/main/resources/executables/wrongsecrets-golang-linux\">wrongsecrets-golang-linux</a>)?</p>\n</div>\n</div> (Difficulty Level: 5)","max_attempts":0,"value":1000,"category":"Docker - Binary","type":"standard","state":"visible","next_id":null},{"id":23,"name":"Challenge 22","description":"<div class=\"sect2\">\n<h3 id=\"_hiding_in_binaries_part_4_the_rust_binary\">Hiding in binaries part 4: the Rust binary</h3>\n<div class=\"paragraph\">\n<p>Similar like hiding secrets in an application written in C, you can do this in Rust. Ghidra is not that good at analysing Rust by default, though&#8230;&#8203; Can you find the secret in our binary?</p>\n</div>\n<div class=\"paragraph\">\n<p>Let&#8217;s debunk the \"secrets are hard to find in native compiled applications\" myth for Rust: can you find the secret in <a href=\"https://github.com/OWASP/wrongsecrets/tree/master/src/main/resources/executables/wrongsecrets-rust\">wrongsecrets-rust</a> (or <a href=\"https://github.com/OWASP/wrongsecrets/tree/master/src/main/resources/executables/wrongsecrets-rust-arm\">wrongsecrets-rust-arm</a>, <a href=\"https://github.com/OWASP/wrongsecrets/tree/master/src/main/resources/executables/wrongsecrets-rust-linux\">wrongsecrets-rust-linux</a>)?</p>\n</div>\n</div> (Difficulty Level: 5)","max_attempts":0,"value":1000,"category":"Docker - Binary","type":"standard","state":"visible","next_id":null},{"id":24,"name":"Challenge 23","description":"<div class=\"sect2\">\n<h3 id=\"_secrets_in_front_end_code_part_2\">Secrets in front-end code part 2</h3>\n<div class=\"paragraph\">\n<p>Sometimes we don&#8217;t want to forget how to login with test-credentials while working on our front-end code.\nCan you find the test-credentials?</p>\n</div>\n<div class=\"paragraph\">\n<p>Note that test-credentialss are sometimes obfuscated in code by Base64 encoding them.</p>\n</div>\n<!-- test-credentials = WhyCommentsAsPassswordAreBad345_$\"-->\n<!-- If you like this: check OWAWS Juiceshop for more awesome challenges!  https://juice-shop.herokuapp.com/#/score-board -->\n</div> (Difficulty Level: 1)","max_attempts":0,"value":100,"category":"Docker - Front-end","type":"standard","state":"visible","next_id":null},{"id":25,"name":"Challenge 24","description":"<div class=\"sect2\">\n<h3 id=\"_cryptographic_challenge_part_2\">Cryptographic challenge part 2</h3>\n<div class=\"paragraph\">\n<p>Implementing cryptography can be very daunting. So there are various mistakes you can find on <a href=\"https://twitter.com/d_feldman/status/1558309810801631233?s=20&amp;t=z98ii6IPJEZq10cnsGAhpQ\">Twitter</a>. What if our developers made the same mistake?</p>\n</div>\n<div class=\"paragraph\">\n<p>In this challenge, you need to find the HMAC key. Note that we created an HMAC following the <a href=\"https://csrc.nist.gov/CSRC/media/Projects/Cryptographic-Standards-and-Guidelines/documents/examples/HMAC_SHA1.pdf\">spec from NIST</a> step by step! Can you provide us the HMAC-key used to create the HMAC?</p>\n</div>\n<div class=\"paragraph\">\n<p>Text used: <code>Sample message for keylen=blocklen</code></p>\n</div>\n<div class=\"paragraph\">\n<p>HMAC produced in Hex: <code>5FD596EE 78D5553C 8FF4E72D 266DFD19 2366DA29</code></p>\n</div>\n<div class=\"paragraph\">\n<p>What is the HMAC key used here?</p>\n</div>\n</div> (Difficulty Level: 2)","max_attempts":0,"value":250,"category":"Docker - Cryptography","type":"standard","state":"visible","next_id":null},{"id":26,"name":"Challenge 25","description":"<div class=\"sect2\">\n<h3 id=\"_secrets_in_smart_contracts_part_1\">Secrets in smart contracts part 1</h3>\n<div class=\"paragraph\">\n<p>On public blockchains, everything that is written on-chain is world-readable.</p>\n</div>\n<div class=\"paragraph\">\n<p>In this challenge, you need to read the variable named secret from the contract <code>0x8b72f7cbAD50620c46219ad676Ad9d3a5A273587</code> on the Goerli EVM Testnet.</p>\n</div>\n</div> (Difficulty Level: 2)","max_attempts":0,"value":250,"category":"Docker - Web3","type":"standard","state":"visible","next_id":null},{"id":27,"name":"Challenge 26","description":"<div class=\"sect2\">\n<h3 id=\"_secrets_in_smart_contracts_part_2\">Secrets in smart contracts part 2</h3>\n<div class=\"paragraph\">\n<p>Our smart contract developer realized he wrote a secret to the chain and went back and wrote over it.</p>\n</div>\n<div class=\"paragraph\">\n<p>In this challenge, you need to read the variable named secret from the contract <code>0xCe793D588cd1Ee091290b4A1aE1D586B2a748eB4</code> on the Goerli EVM Testnet as it was before it got changed.</p>\n</div>\n</div> (Difficulty Level: 2)","max_attempts":0,"value":250,"category":"Docker - Web3","type":"standard","state":"visible","next_id":null},{"id":28,"name":"Challenge 27","description":"<div class=\"sect2\">\n<h3 id=\"_secrets_in_smart_contracts_part_3\">Secrets in smart contracts part 3</h3>\n<div class=\"paragraph\">\n<p>Our smart contract developer got somewhat smarter and only stored a hashed secret in his contract. He then checks a input data vs that hash to validate whether or not a transaction returns true or false. He is sure that since the secret is never stored in the internal state of the contract, that it can&#8217;t be found.</p>\n</div>\n<div class=\"paragraph\">\n<p>In this challenge, you need to find the correct secret that has the guess method from the contract <code>0x8318d477f4BCae5a80BEA22E3c040cf8BaaFFe8B</code> on the Goerli EVM Testnet return true.</p>\n</div>\n</div> (Difficulty Level: 2)","max_attempts":0,"value":250,"category":"Docker - Web3","type":"standard","state":"visible","next_id":null},{"id":29,"name":"Challenge 28","description":"<div class=\"sect2\">\n<h3 id=\"_secret_in_a_closed_github_issue\">Secret in a closed github issue</h3>\n<div class=\"paragraph\">\n<p>A user accidentally reveals the new <code>AWS Secret key</code> in conversation between him and his friend in a GitHub issue.</p>\n</div>\n<div class=\"paragraph\">\n<p>Can you spot the secret in our GitHub repository?</p>\n</div>\n</div> (Difficulty Level: 1)","max_attempts":0,"value":100,"category":"Docker - Documentation","type":"standard","state":"visible","next_id":null},{"id":30,"name":"Challenge 29","description":"<div class=\"sect2\">\n<h3 id=\"_secret_in_a_screenshot_of_a_github_issue\">Secret in a screenshot of a GitHub issue</h3>\n<div class=\"paragraph\">\n<p>A user unknowingly files an issue with a <code>screenshot</code> of a secret while reporting a bug, then realizes it and closes that issue.</p>\n</div>\n<div class=\"paragraph\">\n<p>Can you spot the secret we seek in our <a href=\"https://github.com/OWASP/wrongsecrets/issues\">GitHub issues</a>?</p>\n</div>\n</div> (Difficulty Level: 1)","max_attempts":0,"value":100,"category":"Docker - Documentation","type":"standard","state":"visible","next_id":null},{"id":31,"name":"Challenge 30","description":"<div class=\"sect2\">\n<h3 id=\"_another_client_secret\">Another Client Secret</h3>\n<div class=\"paragraph\">\n<p>The client receives a random value from the server and needs to return it as the answer to prove it is the server. This often happens when, for instance, you need to provide a session token. The token is generated randomly at server startup, so you cannot find it in code. But what if we store it insecurely with the client?</p>\n</div>\n</div> (Difficulty Level: 2)","max_attempts":0,"value":250,"category":"Docker - Front-end","type":"standard","state":"visible","next_id":null},{"id":32,"name":"Challenge 31","description":"<div class=\"sect2\">\n<h3 id=\"_secret_in_a_web_page\">Secret in a web page</h3>\n<div class=\"paragraph\">\n<p>A user accidentally spills the <code>secret sauce</code> while adding content to our website.</p>\n</div>\n<div class=\"paragraph\">\n<p>Can you spot the secret in our <a href=\"https://owasp.org/www-project-wrongsecrets/\">Website</a>?</p>\n</div>\n</div> (Difficulty Level: 1)","max_attempts":0,"value":100,"category":"Docker - Documentation","type":"standard","state":"visible","next_id":null},{"id":33,"name":"Challenge 32","description":"<div class=\"sect2\">\n<h3 id=\"_a_secret_uploaded_to_an_llm_large_language_model_application\">A Secret uploaded to an LLM (Large Language Model) application</h3>\n<div class=\"paragraph\">\n<p>AI is here to stay. AI can help with loads of things: complicated problem-solving, generating code, or giving advice on security.\nImagine you&#8217;ve uploaded code to look for security issues. What if that included a password? Rules should limit the LLM model to prevent it from leaking the password. Can this secret be extracted nonetheless?</p>\n</div>\n<div class=\"paragraph\">\n<p>Try to find it through <a href=\"https://gpa.43z.one/\">this prompting game&#8217;s</a> first exercise.\n(Built by <a href=\"https://twitter.com/h43z\">h43z</a>)</p>\n</div>\n</div> (Difficulty Level: 2)","max_attempts":0,"value":250,"category":"Docker - AI","type":"standard","state":"visible","next_id":null},{"id":34,"name":"Challenge 33","description":"<div class=\"sect2\">\n<h3 id=\"_kubernetes_stringdata_or_data\">Kubernetes StringData or Data?</h3>\n<div class=\"paragraph\">\n<p>Kubernetes has 2 types of fields for data in a secret. The <code>StringData</code> contains the plaintext data, while the <code>Data</code> contains the base64 encoded value.\nSo what if you want to swap the StringData value to a Data value in order to secure it further?\nYou don&#8217;t have to, as long as you have set up RBAC correctly. After all: both values should not be visible when a secret is listed or described. But what if you move from standard to sealed secrets but don&#8217;t migrate all of them?\nThen it might be good to know that the metadata might contain the actual value of the StringData.\nCan you find the secret?</p>\n</div>\n</div> (Difficulty Level: 2)","max_attempts":0,"value":250,"category":"Kubernetes - Secrets","type":"standard","state":"visible","next_id":null},{"id":35,"name":"Challenge 34","description":"<div class=\"sect2\">\n<h3 id=\"_generating_random_keys\">Generating Random Keys</h3>\n<div class=\"paragraph\">\n<p>Many security folks teach engineers to use secure key derivation functions like <a href=\"https://en.wikipedia.org/wiki/PBKDF2\">PBKDF2</a> when a key needs to be generated. A developer followed this instruction and tried to create a key in <code>Challenge34.java</code>, which should now be far more secure than a hardcoded key.\nCan you spot the mistake? Can you find the value of the generated key?</p>\n</div>\n</div> (Difficulty Level: 2)","max_attempts":0,"value":250,"category":"Docker - Cryptography","type":"standard","state":"visible","next_id":null},{"id":36,"name":"Challenge 35","description":"<div class=\"sect2\">\n<h3 id=\"_reporting_on_vulnerabilities\">Reporting on Vulnerabilities</h3>\n<div class=\"paragraph\">\n<p>A security researcher found a Google API key and together with the project leader <a href=\"https://github.com/commjoen\">@commjoen</a> made a GitHub security advisory. The only thing @commjoen did wrong was publish the API key as part of the advisory. Can you spot the key?</p>\n</div>\n</div> (Difficulty Level: 1)","max_attempts":0,"value":100,"category":"Docker - Documentation","type":"standard","state":"visible","next_id":null}]}