{"results":[{"id":1,"challenge_id":1,"type":"static","content":"d6e79065c70f15ca45410dd00e5680e8912dd36a","data":null},{"id":2,"challenge_id":2,"type":"static","content":"1d899f7eeebe46c20471b4becb44489fe2392ce9","data":null},{"id":3,"challenge_id":3,"type":"static","content":"91e3292225a8a9f70efcc7b71f8a61e02cf2f8a4","data":null},{"id":4,"challenge_id":4,"type":"static","content":"9581dae6f4ea4e9fafb7a75b33047addda458c1d","data":null},{"id":5,"challenge_id":5,"type":"static","content":"5a790f226d8d6eb72d12d65dc9fe7b7a127417fb","data":null},{"id":6,"challenge_id":6,"type":"static","content":"00daa220a9339b76d967dc1dd9560a32651ee93f","data":null},{"id":7,"challenge_id":7,"type":"static","content":"d86b25eb7baa9439a278e5f8599ac8079ef5da21","data":null},{"id":8,"challenge_id":8,"type":"static","content":"f4f126e540e2ebc210e6c435d0724db9713060d1","data":null},{"id":9,"challenge_id":9,"type":"static","content":"a09f722e4ba2c1efe3061746122b8c98ebf16d4c","data":null},{"id":10,"challenge_id":10,"type":"static","content":"9d5d8ee1b56c8e996303a66d33aa373483623336","data":null},{"id":11,"challenge_id":11,"type":"static","content":"51c96cd1c351bd263b6a58cff5452317ebe1df64","data":null},{"id":12,"challenge_id":12,"type":"static","content":"f753e960913b0cb31c97b851487c4094b071ddc0","data":null},{"id":13,"challenge_id":13,"type":"static","content":"49b449906b35de8a51a4cf5a6f5809b11a54700c","data":null},{"id":14,"challenge_id":14,"type":"static","content":"49d41fba4df58960ed037daedde9c4bd2acf7bb2","data":null},{"id":15,"challenge_id":15,"type":"static","content":"e1b13c5afeaeeb1e374e8d0248fc39184933129e","data":null},{"id":16,"challenge_id":16,"type":"static","content":"8f9c14e270b969473e9f452976597c05cc3a6f4d","data":null},{"id":17,"challenge_id":17,"type":"static","content":"cdae6a575eafaf9695b0d6f44a5e7146aef18c6f","data":null},{"id":18,"challenge_id":18,"type":"static","content":"e3301bd96a1062b4a08824b5026a287c7da4f43b","data":null},{"id":19,"challenge_id":19,"type":"static","content":"e04d73a903842656b0288791ada35372d9367817","data":null},{"id":20,"challenge_id":20,"type":"static","content":"8337a908bd745f9a56567c85c03faf5055bd9f0a","data":null},{"id":21,"challenge_id":21,"type":"static","content":"8cdb904b6bfdf3d82049f94c624d8ad0047e7942","data":null},{"id":22,"challenge_id":22,"type":"static","content":"a257805f562a82b8702ce43e540c8352fc01df04","data":null},{"id":23,"challenge_id":23,"type":"static","content":"c630bcbdfd1c013dbfb3708fada2694a620da806","data":null},{"id":24,"challenge_id":24,"type":"static","content":"f6e2fd11247616c36a8e1073e2fbff9fbe4749e8","data":null},{"id":25,"challenge_id":25,"type":"static","content":"94091fc59e5b605cf804eb407bb53a4f06412efc","data":null},{"id":26,"challenge_id":26,"type":"static","content":"2ea92e5036a56b557c4571612d749810eefecce8","data":null},{"id":27,"challenge_id":27,"type":"static","content":"1696459fbf98b21f26b3cdf861157eb0774430d7","data":null},{"id":28,"challenge_id":28,"type":"static","content":"bb1c5c4d0ab854d7257455f33ea217be1390c085","data":null},{"id":29,"challenge_id":29,"type":"static","content":"a33408c66923e0b1e7d43eabe3a3f8a54a1fb120","data":null},{"id":30,"challenge_id":30,"type":"static","content":"d65beada66f37fdd9c9b249d01be8ff83d55ed03","data":null},{"id":31,"challenge_id":31,"type":"static","content":"766e50c969155b805cca9cb4b7c175802911daa0","data":null},{"id":32,"challenge_id":32,"type":"static","content":"0633dafd06145dcdfd440931da3ee94fd445a583","data":null},{"id":33,"challenge_id":33,"type":"static","content":"6f4de0c9173a1ba6c67f37828a1be00b591bd3fd","data":null},{"id":34,"challenge_id":34,"type":"static","content":"e8cab9ba1c9bf18196c10f6ed097eeb6198a70f0","data":null},{"id":35,"challenge_id":35,"type":"static","content":"4fb94a92032ef4611d2f829af25d8f815eb12756","data":null},{"id":36,"challenge_id":36,"type":"static","content":"ec8b32e21da52391fbe00ef77b2b09aea69aa239","data":null}]}